,Place Name,Place ID,Rating,Vicinity,Category,Reviews,Service-Option
0,Zifana Restaurant,ChIJdQZeWyzDaC4RkH34O_OJCRc,5.0,"Ashfa Group, Jl. Riung Sauyunan I No.7, Cipamokolan, Kota Bandung","Jawa, Indonesian",Rasanya unik dan bikin nagihhh Mantapp Ayam Geprek dan Zifananya Panggang rasanya pedas asam manis seimbang,"Dine-in, Takeaway"
1,Masakan Padang Restaurant,ChIJazntoZjCaC4R1YcKYKlegKs,5.0,"Jl. Cipamokolan No.61, Cipamokolan, Kota Bandung",Padang,Rasanya konsisten enak dan murah... dari SMP sampai sekarang punya anak 1 dan masih enak,"No-contact-delivery, Takeaway, Dine-in"
2,Roasted 66 Antapani,ChIJiT4k_TjFaC4RsZL59EYTfas,4.5,"Jl. Terusan Jakarta No.256, Antapani Tengah, Kota Bandung",Fast-Food-Restaurant,"makanan sangat enak, presentasi oke tapi bisa lebih baik. Perlu lebih banyak saus.butuh salad atau sayuran seperti collard green & mungkin sup juga, tempatnya ok, benar-benar seperti ruang tamu yang diubah menjadi ruang makan. Perabotannya tidak terlalu nyaman.","Dine-in, Takeaway"
3,Bala-bala Gengster,ChIJResgozrdaC4RCNik5rFXQVI,4.5,"Jl. Nagrog, Pasanggrahan, Kota Bandung",Sunda,Gorengan disini mah gede2 wareg we Poko namah..cuma kalo beli pst aja ngantri dan adanya malem jadi cocok lah malem2 mkn gorengan penghapus diett..,"No-contact-delivery, Takeaway, Dine-in"
4,Wings Street Margahayu Raya,ChIJU0Wjl6jpaC4RJJAz3QDR0BU,5.0,"Jl. Mars Utara III No.3, Manjahlega, Kota Bandung",Fast-Food,Sayap ayam enak dengan harga murah..,"Dine-in, Takeaway, Delivery"
5,Ellena's Kitchen,ChIJiyXz2G7daC4RtM_8Ecosadc,5.0,"Jl. Sekehaji Raya No.64, Jatiendah, Kabupaten Bandung",Western,,"Dine-in, Takeaway, Delivery"
6,Damai restaurant,ChIJt-lCdRXnaC4R4fXlAnpEAi4,4.4,"Jalan Resor Pakar Raya No. 2B, Coblong, Mekarsaluyu, Kota Bandung",Buffet-Restaurant,"Tempatnya luar biasa memanjakan mata karena bisa lihat pemandangan kolam renang dari sisi restonya itu sendiri, hidangannya juga sangat enak disertai pelayananan yang ramah. Salah satu resto yang harus dicoba ketika berkunjung ke intercontinental dago.","Dine-in, Takeaway, Delivery"
7,Crispy Fire Chicken Bandung,ChIJp6Edj3zdaC4RT6Km5xRuKDI,5.0,"Jl. Purbasari No.27, Sukamiskin, Kota Bandung",Fast-Food,"Ayamnya enak krispi, sambalnya enak!!! Level 5 sadisss benar-benar pedas! Kalian harus coba guys!!","Dine-in, Takeaway, Delivery"
8,Petra's House,ChIJuyODd4XnaC4Rqdflmz5ibbY,5.0,"Gg. Raden Jibja No.43, RT.02 RW02, Cicaheum, Kota Bandung",Restaurant,Mantap,"No-contact-delivery, Takeaway, Dine-in"
9,Ponyo Resto & Wedding,ChIJQydr6y_DaC4R5u0jkuU5X3E,4.5,"Jl. Raya Tagog Cinunuk No.186, Cinunuk, Kabupaten Bandung","Sunda, Indonesian",Sate Maranggi nya wajib dicoba,"No-contact-delivery, Takeaway, Dine-in"
10,Madame Sari Restaurant Ujung Berung,ChIJL-AjH0XdaC4RilSM89Eq8LM,3.9,"3MPX+H9F, Cigending, Bandung City",Indonesian,Restoran nya sangat keren,"No-contact-delivery, Takeaway, Dine-in"
11,Burger Stack,ChIJEwSJ-yjdaC4RPmiz8GU-jSA,4.5,"Griya Pratama Asri Ujung Berung, Jl. Sekemala, Pesanggrahan, Pasanggrahan, Bandung City",Western,Makanan yang enak dan tempat yang nyaman,"Dine-in, Takeaway"
12,DELIC Bento & Rice Bowl,ChIJR9ylvrLpaC4RgIRmUiHnmDw,5.0,"Jl. Antabaru II, Cisaranten Kulon, Kota Bandung",Japanese,Tempat yang nyaman untuk nongkrong dan makan dengan keluarga atau temen,"Dine-in, Takeaway"
13,Rumah Makan Laksana,ChIJhyZJD6XCaC4R2ShAPWJh1Qg,4.2,"Soekarno-Hatta St No.395, Cisaranten Kulon, Bandung City","Sunda, Indonesian","makanan enak, perlu diperhatikan daerah toilet dan wastafel sangat kotor dan jorok, padahal tempat cuci tangan sebelum makan, jadi ngurangin selera makan","Dine-in, Takeaway, Delivery"
14,Shifu Ramen Antapani,ChIJwX8Hce_naC4RVD0awfo4ckU,4.3,"Jl. Purwakarta No.33, Antapani Tengah, Kota Bandung",Japanese,"Menu ramen telah diimprovisasi untuk menyesuaikan dengan selera lidah orang Indonesia, jadi ramennya tidak terlalu autentik. Tapi tetap enak dan enak. Harganya pun murah dan terjangkau.","Dine-in, Takeaway"
15,Little Seoul,ChIJYfHi9JXnaC4R3TE-b7a_tj4,4.5,"Jl. Purwakarta No.178, Antapani Kidul, Kota Bandung",Korean,"Makanan yang enakk, tempat yang bagus. Saya sangat suka Jjangmyeon di sini enak","Dine-in, Takeaway"
16,Sugih Priangan Restaurant,ChIJpfeazu7naC4RJpRvyBiIJ4A,4.0,"Jl. Terusan Jakarta No.48, Babakan Surabaya, Kota Bandung","Sunda, Indonesian","tempatnya sekarang jorok,minyak yang dipakai goreng kayanya udh item banget karena perkedel jagung sebelum diangeti warnanya kuning.. setelah diangetin jadi agak hitam.","Dine-in, Takeaway"
17,KAZUKI resto,ChIJC0FKIkfdaC4Ra9VZOcMQECo,4.4,"Cipadung Kulon, Bandung City",Japanese,Kombinasi Jepang dan lokal yang unik. Kami datang saat soft opening. Semoga bisnisnya berkembang dan menjadi besar.,"Dine-in, Takeaway, Delivery"
18,minifood.bdg,ChIJw0V-zxjnaC4RxfVef-RYqb0,5.0,"Jl. Hantap Raya No.93, Babakan Surabaya, Kota Bandung",Indonesian,Makanan yang enak dan pengen beli lagi,"No-contact-delivery, Takeaway, Dine-in"
19,Sukahati Restaurant,ChIJx4T1bpLnaC4Rsa-Wz3XuUbA,4.4,"Jl. Kaum No.4, Cicaheum, Kota Bandung",Indonesian,Tempat yang bagus juga memiliki atmosphere yang bagus,"Dine-in, Takeaway"
20,Resto Riung,ChIJRbhIEjvDaC4RFs8Mkc-gt7g,5.0,"Jl. Riung Arum Timur III No.12, Cisaranten Kidul, Kota Bandung",Hamburger-Restaurant,bagus cozzy hommy nyaman cukup bersih lingkungan nya,"No-contact-delivery, Takeaway, Dine-in"
21,Seafood Si Om,ChIJQ4hkLRznaC4RQfvO8ZIPB1s,5.0,"Jl. Rancabolang No.53, Sekejati, Kota Bandung",Seafood,"Tempat yang bagus untuk dikunjungi, sangat recommended","Dine-in, Drive-through, Delivery"
22,Seafood Kiloan Bang Bopak ( Cab. Riung Bandung ),ChIJQ1JUmLPDaC4RipTll-qJ35M,3.9,"Jl. Cipamokolan No.56, Cipamokolan, Kota Bandung",Seafood,"Seafood nya enak, tempat lebih bersih dibandingkan dengan di katamso","No-contact-delivery, Takeaway, Dine-in"
23,Cafe Kanicmate Bandung,ChIJ2dWMLm_daC4RwQMF8O2Rhhw,4.8,"Jl. Raya Pasir Impun Atas CF-1, Cikadut, Bandung City","Sunda, Indonesian","Harga murah, dan keramahan staff yang bagus","No-contact-delivery, Takeaway, Dine-in"
24,Nasgor Tiarbah Bandung Timur,ChIJ510cgVDdaC4RquR8MwdOfPc,4.8,"Jl. Mekarjaya, Sukamiskin, Kota Bandung",Indonesian,Nasi Goreng Dendeng Gemuk oleh Chef Tiarbah cabang Bandung (Arcamanik). Wajib dicoba nih rekomendasi nasi gorengnya.,"Dine-in, Drive-through, Delivery"
25,Dapur Beta,ChIJr9N8XWTpaC4Ru3XJPBBqZk4,4.6,"Kawasan Niaga Metro Trade Centre, Soekarno-Hatta St No.590, Sekejati, Bandung City",Indonesian,The best!!,"Dine-in, Takeaway"
26,HOTPOT Suki & ramen bar,ChIJ2f1f-CHoaC4RxUGlhwmIvSk,4.6,"Jl. Mars Sel. No.8, Manjahlega, Kota Bandung",Japanese,rekomen buat yang mau makan ramen dengan harga terjangkau,"No-contact-delivery, Takeaway, Dine-in"
27,Ramen Ryu,ChIJwVXyUJDDaC4RPHHe1EuIwdk,4.4,"Jl. Mekar Mulya, Cipadung Kulon, Kota Bandung",Japanese,"Kuah ramenya enak, banyak orang yang dateng untuk mencoba ramen, untuk mie, tergantung pada apa yang Anda nikmati, mie tidak terlalu lembut, mereka memberi tekstur ekstra, tidak terlalu banyak toping, perlu tambahan toping untuk menu","No-contact-delivery, Takeaway, Dine-in"
28,Rumah Makan Riung Panyileukan,ChIJjyfZSqXCaC4R6LSHHTEZjYg,4.3,"Soekarno-Hatta St No.829, Mekar Mulya, Bandung City",Sunda,"tempat yang asyik dan menyenangkan, jangan lupa untuk pesan makanan nya untuk melengkapi kunjungan anda","Dine-in, Takeaway, Delivery"
29,Masakan Bubaki,ChIJ3d9SQt7naC4RsjAtSShK920,5.0,"Jl. Setra Dago Utara ‚Ö£ No.22, Antapani Wetan, Kota Bandung",Indonesian,Rendang nya juaraa,"Dine-in, Takeaway"
30,Dapur Alkha,ChIJnb3eaGvdaC4RpbrefqcHqQU,5.0,"Jl. Cigiringsing Jl. Giri Mekar No.10, Girimekar, Kota Bandung",Sunda,Manisan nya enak,"Dine-in, Takeaway, Delivery"
31,Shifu Ramen suci,ChIJOfAR8r3naC4RZFom4V83q1g,4.3,"Jl. PH.H. Mustofa No.128, Padasuka, Kota Bandung",Japanese,"Menu nya sama dengan yang di bajuri, masih enak sih. Harga murah untuk ramen. jangan dateng telat soalnya ramen suju sering habis","Dine-in, Takeaway"
32,Dapur Mamih,ChIJ738k6N_paC4RjZSuvuBXZFU,4.2,"Jl. Galaksi Sel. I No.143, Sekejati, Kota Bandung",Down-Home-Cooking-Restaurant,si teteh nya uwu,"Dine-in, Takeaway"
33,Fast Food Restaurant,ChIJx5QYQj3daC4RJIJoIE7Sw2Y,5.0,"Jatiendah, Bandung Regency",Fast-Food-Restaurant,,"Dine-in, Takeaway"
34,Gaijin Ramen Bar,ChIJcap2BrLnaC4RP0evzVO15VE,5.0,"Jl. Purwakarta No.145, Antapani Tengah, Kota Bandung",Japanese,"Ramen rasa premium tapi harganya muraaaahhhh! Kuahnya endul banget, toppingnya juga enak, ayam chashu dan guritanya favorit... Telur rebusnya juga enak dengan bumbunya, pokoknya pengen lagi","No-contact-delivery, Takeaway, Dine-in"
35,Pujasera Jupiter,ChIJGfkqnVvpaC4Ro3uVpO6ztPY,5.0,"Jl. Jupiter Tengah No.28, Sekejati, Kota Bandung",Restaurant,,"Dine-in, Drive-through, No-contact-delivery"
36,Warung Nasi Barokah,ChIJb9pTo1fDaC4R9KhOdyLd0wA,5.0,"Jl. Cibiru Hilir No.33, Cibiru Hilir, Kabupaten Bandung",Indonesian,"Makanannya enak dan harganya terjangkau, ibu yang jual ramah, ramai sekali saat jam istirahat","Dine-in, Takeaway"
37,Mie Bakso Rico Blay Restaurant,ChIJfX4adubCaC4RcKizdRqaQzs,3.5,"Jl. Cimincrang, Cimenerang, Kota Bandung",Bakso-Restaurant,"Basonya mantap, sambalnya enak. Direkomendasikan","Delivery, No-contact-delivery, Takeaway"
38,Gudeg Pakde,ChIJK-_smu_naC4RAuELJRV5L1Y,4.9,"Jl. Subang No.57, Antapani Tengah, Kota Bandung","Jawa, Indonesian","bagus, tempat nya bersih dan rasanya enak","No-contact-delivery, Takeaway, Dine-in"
39,Es Teh Indonesia Babakan Sari,ChIJU2Orm2HnaC4RAwrpX1LCNmc,4.8,"Jl. Babakan Sari 1 No.37, Babakan Sari, Kota Bandung",Indonesian,es teh leci nya gak terlalu enak,"No-contact-delivery, Takeaway, Dine-in"
40,Gormeteria,ChIJa9V65GnmaC4RK2VkdPV8lKM,4.6,"Jl. Pasir Kaliki No.176, Pasir Kaliki, Kota Bandung",Western,"Pelayanannya bagus, pelayannya melakukan pekerjaan dengan baik. Makanan tiba lebih cepat dari biasanya. Makanannya memadai, dan mereka memiliki lebih banyak variasi minuman daripada makanan mereka. Harganya bagus, dan tempat itu benar-benar menawarkan suasana yang baik. Akan senang untuk kembali lagi.","No-contact-delivery, Takeaway, Dine-in"
41,The Restaurant - Padma Hotel Bandung,ChIJYSa0w8LmaC4RCQhSEjQErqU,4.6,"Jl. Rancabentang No.56-58, Ciumbuleuit, Kota Bandung",Restaurant,"Pemandangan yang luar biasa! Waktu terbaik untuk pergi ke sini adalah dari jam 6 sore pada hari yang cerah sehingga Anda bisa mendapatkan pemandangan matahari terbenam dan menyaksikan bulan yang indah jika Anda tinggal sampai larut malam. Harga tinggi, makanan rata-rata, minuman ok. Secara keseluruhan, tempat ini benar-benar terkenal dengan pemandangan terbaiknya, dan merupakan pengalaman yang luar biasa untuk pernah berada di tempat ini.","No-contact-delivery, Takeaway, Dine-in"
42,Feast Restaurant,ChIJ60IS-uLmaC4RtcQcZ2BeGdk,4.5,"Hotel & Towers, Sheraton Bandung, Jl. Ir. H. Juanda No.390, Dago, Kota Bandung",Restaurant,"Sarapan yang enak, kopi nya juga enak. Yang paling enak bubur ayam nya","Dine-in, Takeaway, Delivery"
43,Dakken Restaurant,ChIJR5gv3UjmaC4RPaHFVdjX3YA,4.5,"LLRE Martadinata St No.67, Citarum, Bandung City",Western,"Restoran-kafe yang bagus yang memiliki beragam makanan, dari masakan Indonesia hingga barat dan beberapa masakan Asia juga. Tempatnya mahal tetapi Anda tidak akan merusak bank dengan ini. Tata letak tempat juga sangat estetis dan dirancang dengan baik. Sebenarnya tidak ada makanan yang menonjol bagi saya secara pribadi","Dine-in, Takeaway, Delivery"
44,Fast Food Restaurant,ChIJf1IKKbDnaC4RvhfbaaR_fv0,5.0,"Jl. Jalaprang No.93, RW.12, Sukaluyu, Kota Bandung",Fast-Food-Restaurant,"Banyak menunya sampai bingung mau coba dan pilih yang mana, bisa delivery juga buat sekitaran. Nunggu makanannya tidak terlalu lama, makanannya enak, yah overall buat mamam siang di siang hari (iya iya lah makan siang mah di siang hari) cukup enak dan mengeyangkan. Yang belum coba silahkan coba, di jalan jalaprang ini lokasinya yah.","Dine-in, Drive-through, No-contact-delivery"
45,Fast Food Restaurant,ChIJ6ZS2LFTmaC4RGQfvW4Nvdjk,4.5,"Jl. Dipati Ukur No.80A, Lebakgede, Kota Bandung",Fast-Food-Restaurant,,"Dine-in, Takeaway"
46,Fast Food Restaurant,ChIJfbSgdvXmaC4RQd0Q8fAvkcg,5.0,"Jl. Jurang No.71, Pasteur, Kota Bandung",Fast-Food-Restaurant,,"Dine-in, Takeaway, Delivery"
47,The Ambassador Restaurant,ChIJeeYaQGDmaC4RYMq1AtlzVmw,4.8,"Jl. Dr. Djunjunan No.96, Cipedes, Kota Bandung",Restaurant,"Setengah dari menu baru adalah makanan Thailand. Saya memesan ""nasi goreng kampung khas"" nasi goreng tradisional indonesia dengan telur mata sapi, ayam goreng polos, tempura udang tidak menggugah selera, tusuk sate sapi dengan pasta kacang yang terlalu manis, kerupuk udang tidak terlalu renyah, dan acar. Ditambah jus kiwi yang rasanya seperti kedondong","Dine-in, Takeaway"
48,Saffron Restaurant,ChIJ-yOv7GXnaC4RKXMMTnNCKB8,4.6,"Jl. Ir. H. Juanda No.46, Citarum, Kota Bandung",Restaurant,"Tempat yang bagus untuk berbuka puasa dengan teman-teman terbaik. Staf yang membantu dan prasmanan mereka memiliki banyak variasi menu. Anda akan menemukan Es Teler, live cooking station yang menyajikan Martabak dan Yamin, Ice Cream, Gulali, dan masih banyak lagi. Kerja yang baik. Alhamdulillah","Dine-in, Takeaway"
49,Mosaic Restaurant,ChIJoTDhEvTnaC4RSuQLzL166iQ,4.3,"Jl. Lembong, Braga, Kota Bandung",Restaurant,"Mencoba prasmanan Sabtu malamnya, yang cukup murah sekitar 200 k / orang setelah diskon. Ada variasi yang layak tetapi eksekusi kurang di beberapa bagian.","Dine-in, Takeaway"
50,Saka Bistro & Bar,ChIJ2aQ9OPPmaC4RmAkFBzxFuf0,4.5,"Jl. Karangsari No.2, Pasteur, Kota Bandung",Western,"Lingkungan ramah keluarga di siang hari dan elegan di malam hari. Mereka memiliki hidangan utama dan makanan ringan. Juga, bar. Rasanya enak. Itu adalah tempat yang bagus buat nongkrong dengan teman-teman.","Dine-in, Takeaway"
51,Golden Bell Restaurant,ChIJ9xXtQCrmaC4RnzLfPPtzJLE,4.5,"Jl. Karapitan No.51, Burangrang, Kota Bandung",Chinese,"Restoran favorit keluarga kami sejak puluhan tahun yang lalu. Rasanya enak tapi tidak terlalu berminyak dan tidak terlalu banyak MSG. Rasanya ringan tapi sangat enak. Coba udang pancawarna, asparagus, udang gulung ham dan cah kangkung. Kami selalu makan malam di sini jika kami berada di Bandung","Dine-in, Takeaway, Delivery"
52,Bawean Resto,ChIJ2dX2tM3naC4RG6Gcgz_vyWU,4.5,"Jl. Gandapura No.43, Merdeka, Kota Bandung",Buffet-Restaurant,"Rasanya enak, ambien restonya enak. Rasa makanannya enak, agak mahal tapi layak.","Dine-in, Takeaway"
53,Glosis Restaurant,ChIJ476OI7XnaC4Rc1tv9-1hpyQ,4.5,"Jl. Citarum No.12, Cihapit, Kota Bandung",Western,"Pilihan menunya tidak terlalu banyak, tapi semuanya sepadan dengan harganya... Satu porsi steak dilengkapi dengan kentang atau nasi dan salad... Jadi rencanakan makanan Anda dengan hati-hati agar Anda tetap bisa menyantap makanan penutup Anda...","Dine-in, Takeaway"
54,Garden Restaurant,ChIJ36qbXC_maC4R7TeXl_AHmPM,4.5,"Jl. Asia Afrika No.112, Kb. Pisang, Kota Bandung",Restaurant,"makanan yang enak, tempat nyaman. Rasa dari makanan nusantara","Dine-in, Takeaway, No-contact-delivery"
55,MASA,ChIJR5gv3UjmaC4RwnivXflmOg4,4.4,"Jl. Trunojoyo No.29, Citarum, Kota Bandung",Indonesian,"Rasa enak, porsi bagus, dan harga bagus. Kami memiliki Sirloin medium rare, Chicken Melt, Cesar Salad, Garlic Bread, Pizza Strip, dan Creme Brule. Semuanya enak.... Alhamdulillah...","Dine-in, Takeaway"
56,Preanger Restaurant,ChIJNxvsqjrmaC4RxcNddIhDE3w,4.7,"Grand Hotel Preanger, Jl. Asia Afrika No.81, Braga, Bandung City",Indonesian,"Saya berkunjung di sini karena ada event di ballroom. Restoran menyajikan makanan dengan cara buffet. Yang terbaik adalah mereka menyediakan sarung tangan plastik untuk mencegah penyebaran covid-19 di antara pelanggan. Oya, ayam gepreknya enak banget, empuk dan porsinya banyak. Aku sangat menyukainya. Ha ha.","Dine-in, Takeaway, No-contact-delivery"
57,Purnawarman Restaurant,ChIJdQqkHT7maC4RmyyxbA6uBLE,4.5,"Hilton Bandung - Lobby Level, Jl. HOS Tjokroaminoto No.41-43, Arjuna, Kota Bandung",Buffet-Restaurant,Mereka TIDAK menyajikan prasmanan lagi. Hanya alacarte sekarang. Pergi ke Fresco di lantai 6 lebih baik karena tidak ada prasmanan hanya menu alacarte yang mahal.,"Dine-in, Takeaway, No-contact-delivery"
58,Queen Legend Restaurant,ChIJKb67uQvmaC4RRYl_omepmfM,4.4,"Galeri Ciumbuleuit Apartment 1, Jl. Ciumbuleuit No.42a, Hegarmanah, Kota Bandung",Chinese,"makanan yang enak, salah satu chinese food yang terbaik di kota. juga pelayanan yang memuaskan","Dine-in, Takeaway, Delivery"
59,Dakken Restaurant - Setiabudhi,ChIJC9yO0rjmaC4R0axIkW_uZwE,4.5,"Jl. Dr. Setiabudi No.266, Ledeng, Kota Bandung",Western,"restaurant yang bagus, tapi lebih nyaranin dakken riau soalnya lahan parkir lebih luas, rasa makanan juga enak dengan porsi yang pas.","Dine-in, Takeaway, No-contact-delivery"
60,Rijsttafel Resto,ChIJpWhkYRXmaC4REHyC-PncG9c,4.4,"Jl. Pasir Kaliki No.67, Arjuna, Kota Bandung",Indonesian,"apa yang sangat buruk tentang pengalaman kami di sini adalah menunggu. kami menunggu sekitar 1,5 jam untuk makanan kami. kami mengeluh berkali-kali tetapi pelayan dan pelayan sangat kasar dan bahkan tidak menanggapi keluhan kami. makanan yang akhirnya datang dingin, dan rasanya tidak berkesan. mencoba membatalkan pesanan kami karena menunggu lama, tetapi mereka tidak mau membatalkan meskipun mereka jelas tidak dapat menangani begitu banyak pesanan sekaligus. benar-benar tidak layak dan membuang-buang waktu. tidak akan merekomendasikan saya juga tidak ingin kembali ke sini.","Dine-in, Takeaway, No-contact-delivery"
61,Nana Heritage Kitchen & Coffee Corner,ChIJ50FqHbnmaC4RGB6UFRYsKtg,4.5,"Jl. Dr. Setiabudi No.276a, Ledeng, Kota Bandung",Indonesian,"Mampir niatnya mau ngopi, jadinya minum wedang uwuh karena cuaca dingin pagi2. Tempatnya nyaman sih.. kalau ke Bandung lagi pasti mampir kesini","Dine-in, Takeaway, Delivery"
62,CAPTAINS SEAFOOD,ChIJZcH5V87naC4RmgclBH3u76M,4.2,"Jl. Soka No.17, Merdeka, Kota Bandung",Seafood,"Seafood ny bener-bener ga ada lawan, rasany khas banget, harga merakyat, dan juara banget pelayanan nya.","Dine-in, Takeaway, Delivery"
63,Madame Sari,ChIJj-uhrFHmaC4R1u4otaapK3Y,4.4,"Jl. Ir. H. Juanda No.85, Lb. Siliwangi, Kota Bandung",Indonesian,"Pesen nasi goreng iga, dan itu enak bangett","Dine-in, Takeaway, Delivery"
64,Alas Daun Restaurant,ChIJIQnijbTnaC4RG8p4wAd4s9w,4.3,"Jl. Citarum No.34, Cihapit, Kota Bandung",Sunda,"tempat yang bagus untuk makan siang dengan teman atau keluarga, atmosfer tradisi jawa barat yang kerasa banget di restoran ini. pelayanan nya juga bagus banget","Dine-in, Takeaway, Delivery"
65,Paviliun Sunda,ChIJXzqQwUrmaC4RJlZIdEnuJH8,4.3,"LLRE Martadinata St No.97, Citarum, Bandung City",Sunda,"Parkir lumayan luas. Meja makannya panjang pas buat keluarga. Tapi jumlahnya ternyata ga sebanyak yg dibayangkan. Sistemnya pesen makan dulu, baru dikirim. Ada beberapa makanan yg udah jadi kaya jengkol, sayur daun singkong, terong balado, dll. saya datang siang jam 11.30, kalau sore kayanya perlu dipanasin lagi. Ukuran sambelnya kecil banget. Lebih baik diperbesar tempatnya supaya pesen 1 bisa utk sekeluarga. Tapi overall masakannya enak banget, penyajiannya cepat, duduk di area lesehannya enak nyaman, harganya jg masih ramah di kantong. Kayanya bakal balik lagi ke sini sih dalam waktu dekat","Dine-in, Takeaway, Delivery"
66,Royal Dynasty Restaurant,ChIJsYsYkyLmaC4RtWVpsjbPio8,4.6,"Jl. Jend. Sudirman No.232 A Gedung Graha Sudirman Lt.1, Kb. Jeruk, Kota Bandung",Chinese,"Bagi yg suka makanan khek Dan peppa pig kecap atau kaki nya mesti kemari klo ke bandung. Porsinya gede, apalagi klo pesen gurame terbang duhhh ga akan muat buat santap yg lain lg. Harganya jg lebih murah dsni drpd mkan di Kota-mangga besar Jakarta. Asinan acar labunya bikin nagih. Untuk lokasi kudu jeli matanya klo ga keterusan krn masuk dlm gang sempit Dan papan namanya kecil","Dine-in, Takeaway, Delivery"
67,Waroeng Ethnic,ChIJeYCL3ujmaC4RwFyvkneXbBQ,4.5,"Jl. Rancabentang No.18, Ciumbuleuit, Kota Bandung",Family-Restaurant,"Homey banget disini. Suasananya nyaman dan tenang. Rasa makanannya endeus surendeus. Difoto ada lasagna n mushroom soup. Rasanya nyam nyam, yg lain pada pesen nasi timbel, sayang gak kefoto karena udah pada kelaperan.","Dine-in, Takeaway"
68,Venesia Restaurant,ChIJA79bvobmaC4RyjHQMHMIBas,4.6,"Verona Palace Boutique Hotel, Jl. Surya Sumantri No.36, Sukagalih, Kota Bandung",Western,"Makanannya enak, ada western, oriental ama tradisional, dan yg paling oke harganya kaya cafe gak semahal makanan di hotel hotel","Dine-in, Takeaway, Delivery"
69,Thai Palace Restaurant,ChIJ0Ukf1iHnaC4RtyzzPX3czJ8,4.4,"Jl. Ir. H. Juanda No.345, Dago, Kota Bandung",Thai-Restaurant,Restonya sih besarrr ya... tp entah knp ga ditata dengan apik...kesannya gelap dan tdk ada rasa mewah nya.... rasa makanan juga biasa aja,"Dine-in, Takeaway, No-contact-delivery"
70,May Star Restaurant,ChIJb04bTjfmaC4RxqRaLqlujIc,4.4,"Jl. Kebon Jati No.188, Kb. Jeruk, Kota Bandung",Chinese,The bestest dimsum in bandung gak tau lagi lah mau ngomong apa beruntung banget masih tidak terlalu rame boleh mampir sangat amat enak dan very recommended untuk di coba. Banyak juga take away rekomendasi menu adalah dimsum scalop udang gila deh hijau hijau maknyuss,"Dine-in, Takeaway, No-contact-delivery"
71,Parc de Ville Restaurant,ChIJ80yQaOLnaC4RRQDfz-nogTg,4.8,"Jl. Merdeka No.25-29, Babakan Ciamis, Kota Bandung",Indonesian,Cozy banget tempatnya.  Pelayanan juga oke. Tp lebih baik pesen tempat dulu biar klo kita datang makanan sdh siap saji.,"Dine-in, Takeaway, No-contact-delivery"
72,Swarga Loka The Garden Restaurant,ChIJkxwMOkjmaC4RSdnrOAbTwcc,4.7,"Jl. Sumatera No.51, Citarum, Kota Bandung",Indonesian,bagus,"Dine-in, Curbside-pickup, No-contact-delivery"
73,Karnivor Restaurant,ChIJTyC3j8rnaC4RQ2JS9b3JBvE,4.5,"LLRE Martadinata St No.127, Cihapit, Bandung City",Meat-Dish-Restaurant,"tempat perdagingan yang cukup ternama di Bandung, rasa daging untuk steaknya memang juara disini begitu juga dengan sausnya yang pas. area dine in nya cukup besar dan bisa untuk merokok. pilihan menu untuk makanan dan minumannya cukup beragam. estimasi per orang untuk makan steak dan minum disini bisa disiapkan sekitar 100-200rb per orang. Tersedia juga mushola dan toilet disini, yang kurang hanya area parkir untuk kendaraan roda 4 saja, terutama di jam jam padat.","Dine-in, Takeaway, No-contact-delivery"
74,Hongkong Restaurant,ChIJ_x7_dCPmaC4ROUQVPjjpYms,4.4,"Jl. Jend. Sudirman No.151-153, Karanganyar, Kota Bandung",Chinese,"Salah satu Tempat makan chinese food dengan kualitas rasa dan pelayanan yang sangat baik.. Pelayanannya ramah sekali..kualitas makanan sangat baik, porsi banyak, harga sesuai dengan porsi dan rasa.. Bisa request tanpa minyak babi, atau vegetarian, Cocok untuk acara keluarga, arisan dengan teman relasi, wedding. Kekurangannya tempat parkir kurang banyak,tetapi di suggest oleh pemilik dapat ikut parkir di area karaoke hollywood..jadi masalah sulit parkir terselesaikan..","Dine-in, Takeaway, No-contact-delivery"
75,Sederhana restaurant,ChIJ219Md2TmaC4RYXYyUYkE8MY,4.7,"Jl. Sukagalih No.145, Sukagalih, Kota Bandung",Padang,"Coba sate padang  nya,daging  nya empuk seperti daging rendang,bumbu nya ckup enak,dan terasa sedikit pedas,disini fav sy menu dendeng balado dan teri pete nya,enak,dicampur dengan bumbu rendang yang kental,tempat nya luas,hanya sayang wc nya kurang bersih","Dine-in, Takeaway, No-contact-delivery"
76,Sin Sin Chinese Food Restaurant,ChIJx6ofPRbmaC4RaCxyfy8EuWM,4.5,"Paskal Hyper Square Blok C-18, Kb. Jeruk, Kota Bandung",Chinese,"Salah satu resto Chinese Food yang saya rekomendasikan di Bandung. Menu nya non halal ya. Ada baiknya melakukan reservasi atau bahkan memesan makanan favorit nya (misalnya sate shanghai) sebelum berkunjung. Beberapa item sering kali sudah habis bila kita tidak memesan sebelum nya. Harga nya terjangkau. Jangan lewatkan kailan juhi nya. Juhi yang empuk berpadu dengan kailan segar dan manis. Sate shanghai nya berbeda dengan sate shanghai pada umumnya, menggunakan ham sebagai topping. Cingkong nya juara. Beberapa kali berkunjung dengan menu berbeda, dan semua enak","Dine-in, Takeaway, No-contact-delivery"
77,Queen Restaurant,ChIJzTERXS_maC4R18PKQnyp-lI,4.6,"Jl. Dalem Kaum No.79, Cikawao, Kota Bandung",Chinese,"Waktu ksini pesennya Angsio Haisom, Kodok Goreng Mentega dan Sop Hisit. Semuanya endes banget.. ini lebih ke resto family dan sudah lama terkenal di bandung jadi tempatnya agak suasana chinese restaurant yg oldies dgn look chinese oriental yg kental banget krn dominasi warna merah di dekor ruangannya. Rata2 tablenya utk 10-12 orang. Jadi seru banget n cocok kl utk makan keluarga. Harga cukup pricey tp taste sesuai","Dine-in, Takeaway, No-contact-delivery"
78,Braga Permai,ChIJS07xqDrmaC4RzZQFjNhp928,4.5,"Jl. Braga No.58, Braga, Kota Bandung",European-Restaurant,Luar biasa akhirnya bisa nyicip makanan legendaris di bandung. Semua menu nya istimewa. Karena yg dibeli bukan hanya rasa tapi plus prestige juga.,"Dine-in, Takeaway, No-contact-delivery"
79,GuzzBun Paris Van Java,ChIJb4PpNqDnaC4RqLRqrZj81LU,4.6,"Paris Van Java, Resort Level Unit 58, Cipedes, Bandung City",Hamburger-Restaurant,"Nyobain krn penasaran... ternyata enak, Saya pesen burgernya yg Guzzbun(dagingnya lumer gurih gada bagian yg keras2/gosong jamin enak pokoknya!, rotinya lembut), Minumnya Dragon Fruit Juice sama Guzz Bacon Cheese Potato nya jg enakkkk (tp ga sempet difoto). All fresh.. Recommended deh pokonya kl bosen makan burger yg itu2 lagi, coba aja ini gakan nyesel","Dine-in, Takeaway"
80,Dapoer Pandan Wangi - Patuha,ChIJFZUEotXnaC4RVqJjQT4HIVk,4.5,"Jl. Patuha No.38, Lkr. Sel., Kota Bandung",Sunda,Restoran selalu ramai. Terutama weekend. Parkir terbatas. Tapi bisa parkir di sebelahnya ada sekolahan. Saya pesean menu terong raos rasanya enak krispi. Ayam ungkep dan ayam bakar enak rasanya dan empuk. Sambal dadak nya oke buat pecinta pedas. Gepuk dan daging sapi goreng juga empuk.,"Dine-in, Takeaway, No-contact-delivery"
81,Tizi Cake Shop & Restaurant,ChIJh2nCFvnmaC4Rn8TUyZah2MY,4.5,"Jl. Kidang Pananjung No.3, Dago, Kota Bandung",Steak-House,"Tempat makan steak yang legendaris, lokasi di dekat Simpang Dago bandung, dengan nuansa bangunan tempo dulu sehingga membangkitkan kenangan lalu. Rasa makanan yang sangat cocok dilidah, dengan porsi yang besar dan aneka pilihan yang bervariasi, harga terjangkau dan siap2 waiting list apabila anda ketempat ini karena tempat selalu penuh. Ada juga pilihan kue dan roti untuk dinikmati ditempat maupun dibawa pulang","Dine-in, Drive-through, No-contact-delivery"
82,Rose Flower Restaurant,ChIJ5XTisirmaC4Rcvp7ZxbDoX8,4.4,"Jl. Jend. A. Yani No.32, Burangrang, Lengkong, Malabar, Kota Bandung",Seafood,Kalo lagi di bandung jangan lupa mampir lah ke rose.  Udah paling bener deh. Enak semua.  Kaga sempet foto foto sih yg pasti joss,"Dine-in, Takeaway, No-contact-delivery"
83,Eastern,ChIJSYqijGrmaC4R6PtjAvkm0FU,4.6,"Istana Plaza Lantai GF Blok B5-B6, Jl. Pasir Kaliki No.121-123, Pamoyanan, Kota Bandung",Chinese,"Tempat ini adalah restoran makanan Cina favorit keluarga saya. Saya pikir makanan Timur enak sepanjang masa. Favorit saya adalah cumi-cumi yang dilapisi telur asin, dim sum tahu udang (udang super besar di atasnya) dan udang dengan saus mayones. Anda tidak akan menyesal jika memutuskan untuk memesan sesuatu di sini!! Harga bersaing dengan tempat lain.","Dine-in, Drive-through, No-contact-delivery"
84,Gyu-Gyu Japanese BBQ Restaurant,ChIJ7YjBxcvnaC4RMERgo0Uo6Os,4.6,"Jl. Cihampelas No.254, Cipaganti, Kota Bandung",Japanese,"Buat yg lagi cari tempat ayce wajib bgt cobain ke gyu gyu, lokasinya ada di seberang pom bensin cihampelas sebelum ciwalk. Tempatnya bersih,dagingnya juga enak banget.Harganya ga terlalu mahal disini..","Dine-in, Drive-through, No-contact-delivery"
85,Jing Paradise Chinese Fine Dining Restaurant,ChIJrfUdMPPmaC4RNIGIAWKRAac,4.5,"Jl. Dr. Setiabudi No.269-275, Isola, Kota Bandung",Chinese,"Lumpia udang kulit tahu nya enak luarnya crispy dalamnya basah. Ceker juga enak lembut tapi masih berasa kenyal nya. Makanan nya enak2 tempatnya bersih, harganya ya fine dining lah ya.","Dine-in, Takeaway, No-contact-delivery"
86,de Bale Restaurant,ChIJpXCYZTPnaC4RutAnJR6dEkY,5.0,"Jl. Sukajadi No.148-150, Pasteur, Kota Bandung",Restaurant,"Pagi ini aku breakfast di debale resto, tepatnya di hotel dejava. Sekalian hotel nya strategis didepan pvj mall. Hotel ini menyajikan makan makanan sundanesia. Dengan standar protocol yang baik juga. Next aku bakal stay disini lagi","Dine-in, Takeaway"
87,Sindang Reret Bandung,ChIJr8LAK7f8aC4RFAgksf1ccQM,4.4,"Jl. Surapati No.53, Sadang Serang, Kota Bandung",Sunda,"Restauran Sunda yang memiliki varian menu yang khas. Ada Ikan Gurame Mangga Muda, Tahu Cabe Garam, Ayam Bakakak, dan Keciwis Udang. Selain menu diatas ads juga menu favorit Buntut Bakar Sindangreret dan Buntut Lada Hitam. Tempatnya bersih, luas, dan nyaman. Tersedia juga makan lesehan di saung dan meja. Restauran ini bisa juga digunakan untuk acara resepsi pernikahan, seminar, dan acara lainnya. Fasilitas cukup lengkap seperti toilet, musholla, dan wastafel tersedia dengan baik disini. Akes untuk penyandang disabilitas juga cuku baik diterapkan disini. Protokol kesehatan pencegahan Covid-19 juga cukup baik diterapkan di restoran ini. Area aprkir luas untuk motor dan mobil. Akses kesini cukup lancar dikedua arahnya.","Dine-in, Takeaway, No-contact-delivery"
88,Tilu Kitchen and Patisserie,ChIJ6XtKddDnaC4RNcIJMfp8Ibo,4.6,"LLRE Martadinata St No.81, Citarum, Bandung City",Restaurant,"worth the price banget sih makanannya, enak dilihat dan enak dimakan...tempat nya nyaman, staff nya sopan dan ramah, bisa nge charge HP juga di bar...beberapa kursi ada colokan untuk charge laptop / HP jugaaa...","Dine-in, Takeaway, No-contact-delivery"
89,Lacto Grill Restaurant,ChIJTRHZdu7oaC4RiIdH9Drez-k,3.9,"Jl. Mekar Utama No.43, Mekarwangi, Kota Bandung",Asian,"Porsi dan rasanya memuaskan, harga juga reasonable banget plus pilihan bumbunya banyak! Ga nyesel bisa makan disini, bakalan sering-sering order kesini lagi","Dine-in, Takeaway, No-contact-delivery"
90,Moonlight Restaurant,ChIJzR6GEdHoaC4RtSY0pAQl9cM,4.5,"Komplek Kopo Permai blok 55 A No:1, Sukamenak, Kabupaten Bandung",Chinese,Restaurant yang terletak di komplek perumahan Kopo Permai ini tidak kalah dengan restaurant yang ada di pusat kota. Selain makanannya yang enak pelayanannya pun cepat. Tempatnya pun resik dan bersih. Berbagai menu Chinese Food tersedia disini. Dengan rasa yang khas dijamin membuat tamu yang berkunjung ketagihan dan ingin datang kembali. Jadi bagi yang suka dengan Chinese food tempat ini dijamin memuaskan. Tempatnya pun mudah dijangkau dan ditemukan.,"Dine-in, Takeaway, No-contact-delivery"
91,Paradise Restaurant,ChIJqVZE2sHoaC4ROzFn23BDn04,4.3,"Jl. Indrayasa No.15, Cibaduyut, Kota Bandung",Chinese,Cafe semi cafe berlokasi di jalan Sudirman no. 574. Menyajikan aneka jenis makanan timur dan barat dengan rasa yg lezat. Semi Cafe adalah bagian dari toko biskuit Tunggal. Selain biskuit gosong. Jajanan favorit disini adalah roti bakar. Pilihan isian paling top adalah roombutter. Semi Cafe di hari kerja buka dr jam 7 pagi hingga 10 malam. Di akhit pekan dari jam 7 pagi hingga jam 11 malam.,"Dine-in, Takeaway"
92,Sawasdee Thai Restaurant,ChIJZ25YxobpaC4RL7nM6ZZUnKU,4.8,"Jl. Mekar Utama I No.10, Mekarwangi, Kota Bandung",Thai-Restaurant,"Restoran Thailand di Bandung masih terhitung oleh jari. Sawasdee termasuk restoran Thai Cuisine baru, kalau tidak salah dr th 2020, namun mendapat sambutan hangat warga Bandung. Masakannya enak, variatif, lengkap dari appetizer, main course dan dessert. Tempat  nyaman dengan dekorasi cukup artistik. Ada 3 lantai area makan dan area teras. Pelayanan pun baik dan cepat. Dan yg tak kalah penting area parkir cukup luas.","Dine-in, Takeaway"
93,Kapulaga Indonesian Bistro,ChIJY23nzVfmaC4RiJ_kfU7wHjI,4.4,"Jl. Dayang Sumbi No.3, Lb. Siliwangi, Kota Bandung",Sunda,"Cozy place.... seneng banget pas nyoba makan di sini, tempatnya bersih, rapih dan juga mata di manjakan dengan garden yg serba hijau gitu, keren sih kalo aku suka... menunya dr mulai makanan nasional smp dengan internasional. Cocok juga buat kerja, misal bosen WFO/WFH  Parkirannya juga luas, udaranya seger... Area garden/outdoornya cocok buat kalian yg mu bawa bocah yach, pokoknya family friendly deh...","Dine-in, Drive-through, No-contact-delivery"
94,Golden Flower Hotel - Lotus Garden Restaurant,ChIJSfPRiSTmaC4R-3H9_9X95hk,4.3,"Jl. Asia Afrika No.15-17, Braga, Kota Bandung",Buffet-Restaurant,Ditengah keramaian kota akan berbeda ketika anda masuk kafe ini. Suasana yang nyaman & tenang membuat anda rilex. Kamar mandi nya full service & rasa kopinya tidak bisa dilupakan,"Dine-in, Takeaway, No-contact-delivery"
95,Phoenix Restaurant,ChIJtYJxqyLmaC4R5sRLeMyPWUI,4.4,"Jl. Jend. Sudirman No.58, Karanganyar, Kota Bandung",Chinese,"Restoran ini menyajikan aneka makanan Chinese Food. Kami sudah sejak lama langganan di tempat ini. Kita bisa makan disini selama tidak ada larangan dari pemerintah pusat atau Pemda Kota Bandung terkait pandemi. Bila ada larangan makan ditempat, armada pengantaran juga tersedia. Kita bisa telp dan makanan diantar ke tujuan. Rasa jangan ditanya, phoenix mampu konsisten mempertahankan rasa sejak dulu kala. Menu banyak dan bervariasi. Kita bisa pilih sesuka hati. Oiya, resto ini 2 lantai. Kita bisa makan di lantai 1 atau 2. Sebelum pandemi, kadang-kadang lantai 2 dipakai untuk wedding.","Dine-in, Takeaway, No-contact-delivery"
96,Gading Chinese Food Restaurant,ChIJHTMYmZLmaC4RcZicmxI-E48,4.3,"Jl. Sukajadi No.228, Gegerkalong, Kota Bandung",Chinese,"Overall restoran Chinese yg recommended. Rasa makanannya enak. Cm ifumie nya agak keasinan menurut kami. Jeruknya juga cenderung pahit, meskipun sudah pakai gula.","Dine-in, Takeaway, No-contact-delivery"
97,Bonti Restaurant,ChIJPQ0gJ6znaC4RLmGH4Y_kxs0,3.0,"Jl. Holis No.222, Caringin, Kota Bandung",Asian,Mantapp,"Dine-in, Takeaway, No-contact-delivery"
98,Greens and Beans,ChIJI7MSqYLnaC4Rc7zJVKdD-QE,4.6,"Jl. Bahureksa No.9, Citarum, Kota Bandung",Health-Food-Restaurant,"Di @greensandbeans ini salah satu cafe yang menyediakan menu makanan sehat di Bandung. Tempatnya nyaman, tenang, dan adem deh disini, cocok banget buat sarapan disini. Favorit menu disini ada bibimbap dan Vietnam Noodle Saladnyaa, porsinya dijamin bikin kalian kenyang dan guilty free","Dine-in, Takeaway"
99,Warung Suluh Restaurant,ChIJg3qxVkDmaC4RInFihzM44MQ,4.4,"Jl. Dr. Cipto No.8, Pasir Kaliki, Kota Bandung",Indonesian,"Salah 1 destinasi kuliner otentik yang harus masuk listing kuliner kalian guys. Ini tempatnya dibuat otentik jadul & makanan & minumannya benernya otentik rasa kampoeng jadul banget. Rasa makannya ngak ada yang failednya guys. Gw nyobain nasi goreng kampoengnya, mie tek tek, sop iga, kopi susu, tahu berintik, bakwan bumbu kacangnya ampe bajigur. Semua makanan yang di oreder. Rasanya ngak ada failed nya ama sekali guys.","Dine-in, Takeaway, No-contact-delivery"
100,Al Jazeerah Signature Middle East Restaurant And Cafe Bandung,ChIJJZpEGjbmaC4RxUCmB3A1adA,4.5,"Jl. Ternate No.3, Citarum, Kota Bandung",Middle-East-Restaurant,"Fancy arabian restaurant in Bandung. Nasi mandhi nya enak. Lambnya super empuk. Jus stoberi nya ok banget dan merah merona. Tempatnya cozy banget, berkonsep mideast. Ada live music nya jg. Price:  50K-85K per menu.","Dine-in, Takeaway, No-contact-delivery"
101,Mikawa (Japanese Restaurant),ChIJc5LyANblaC4ROfgpxCc-SGg,4.6,"Jl. Gn. Batu, Sukaraja, Kota Bandung",Japanese,"Tempatnya agak kurang eye catching jd mesti cek cek bener di google maps. Semua menu nya dalam bahasa jepang jadi klo mau pesen tanya mbak nya aja dia pasti kasi rekomen makanan yang enak. Yang pasti mesti coba itu nasi kukus pake ikan salmon (sake) di dalam tempat bambu, wangi banget dan nasinya enak. 1 menu lagi yang mwsti dicoba itu daging bakarnya, bumbunya beda sama bakaran lain dan enak banget. Oiya tempat ini mesti reserve dulu yah karena penuh dan tempat duduk ga begitu banyak","Dine-in, Takeaway, No-contact-delivery"
102,Dapur Eyang Restaurant,ChIJw3DjL__maC4Rw1sJlZrDn54,4.5,"Dapur Eyang, Jl. Tubagus Ismail Raya No.11, Sekeloa, Kota Bandung",Indonesian,"Begitu masuk restonya berasa pulang ke rumah nenek suasananya mendukung banget pemilihan furniture juga bikin kangen rumah, untuk makanannya dari semua yang dibeli enak semuanya jadi bukan hanya asal ada menunya aja tapi rasanya dan cara penyajian juga dipikirkan, di sini juga ada ruang untuk solatnya, sayangnya memang kalau kesana saat ramai kemungkinan akan sulit mendapat parkir.","Dine-in, Takeaway, No-contact-delivery"
103,Streats Restaurant,ChIJSU1Ldy_maC4RQR2fQPZXqD0,4.9,"Jl. Braga No.8, Braga, Kota Bandung",Restaurant,"Awalnya sempet takut soalnya restoran dalem hotel, eh taunya ada promo menu super murah dan enak banget. Pelayanannya ramah juga, seperti bisa ditebak dari pelayanan hotel. Katanya sepanjang tahun selalu ada promo makanan murah2 kalau takut kena harga mahal. Super worth to try","Dine-in, Takeaway, No-contact-delivery"
104,Saoeng Soenda,ChIJsfH2b83paC4REPsTEMeXqyY,4.5,"Soekarno-Hatta St No.571, Gumuruh, Bandung City",Sunda,"Rumah makan saoeng soenda menyajikan makanan sunda seperti gurame goreng , nasi liwet , sambel , dll. Tempat nya sangat luas , bersih , terawat dengan baik.Makanan nya menurut saya cukup enak, gurame nya garing mantap.","Dine-in, Takeaway, No-contact-delivery"
105,Ayan Bakar Restaurant,ChIJ335xcIfoaC4RCTw0gixNxW0,4.0,"Jl. Buah Batu No.106, Burangrang, Kota Bandung",Restaurant,Makananya ebak ga rubah dari anak di dalam perut dampai skr usianya 17 th masih tetap ga rubah cuma tempatnya aja yg kalau bisa di nyamanin aja kaya model model jaman sekarang,"Dine-in, Takeaway, No-contact-delivery"
106,Cahya Rasa Restaurant,ChIJtQRRW33oaC4RwZXKYg0DUiY,4.3,"Jl. BKR No.4, Cijagra, Kota Bandung",Seafood,"Tempatnya meskipun kecil tp nyaman,tersedia kamar kecil,resto pinggir jalan,,tempat bersih,makanannya enak,mungkin tambahanyya buat pemilik resto,krna kalian telah bekerjasama dengan ojek online,jd sudah sepantasnya menyediakan tempat mereka menunggu,trmksh","Dine-in, Curbside-pickup, No-contact-delivery"
107,Takoyaki daanish,ChIJca-BNKDpaC4ROZryJKFGlWA,4.0,"Jl. Gumuruh No.71, Gumuruh, Kota Bandung",Japanese,"Kalau sekiranya keteteran ngelayanin, matikan salah satu aplikasi online nyaJadi yg di on kan yang lagi promo aja. Nunggu 1 jam itu bukan enak lho. Driver itu di bayarnya per km bukan per jam","Dine-in, Takeaway"
108,Cois Burger,ChIJRUt83QDpaC4RLSRONzhGZ0Q,3.5,"Jl. Batu Indah ‚Ö™ No.23, Batununggal, Kota Bandung",Hamburger-Restaurant,Aku suka sekali wingsnya sampai tetes terakhir..,"Dine-in, Takeaway, No-contact-delivery"
109,Madame Sari Restaurant Buah Batu,ChIJEdGtCGPoaC4RqzOvcukH2k0,4.6,"Jl. Buah Batu No.165 A, Turangga, Kota Bandung",Indonesian,"Salah satu recomendasi pusat oleh-oleh khas Bandung cukup legend nih,paling hits disini bolen nya. Banyak pilihan camilan,permen,kue basah dan kue kering lokasi strategis pinggir jalan besar nyaman, pelayanan cepat tapi kurang ramah. Sukses selalu Kartika Sari","Dine-in, Takeaway, No-contact-delivery"
110,Mergosari Restaurant,ChIJpTxmq33oaC4RMnrAMIzcn5Q,4.4,"Jl. Pelajar Pejuang 45 No.98, Turangga, Kota Bandung",Sunda,"Tempat makan sajian Sunda yang oke banget rasanya. Nikmat ngalimed kalo makan disini. Yang harus diperbaiki sih tempatnya aja, biar lebih bersih dan nyaman. Kalo soal rasa dan harga, udah top deh Mergosari mah.","Dine-in, Takeaway, No-contact-delivery"
111,Good Daddy Burger Bandung,ChIJ9b-BFEHpaC4R2SKIreoMuQo,5.0,"Jl. Adipati Agung No.23 B, Baleendah, Kabupaten Bandung",Hamburger-Restaurant,"hari ini nyoba beli yg paling murah yg 15k, rasanya worth it sama harga ga kalah sama burger bangor dll","Dine-in, Takeaway, No-contact-delivery"
112,Ramen & Sushi DEGOZARU,ChIJTw-W_vTpaC4RwXmZabxpI34,4.7,"Jl. Turangga No.11 a, Lkr. Sel., Kota Bandung",Japanese,"Rasany enak, tempat ny nyaman, topp bgt deh pokokny, apalagi ramen & sushi nya","Dine-in, Takeaway"
113,The 18th Restaurant and Lounge,ChIJyUNlcdjnaC4RhnS6XxKIVIM,4.5,"The Trans Luxury Hotel, Lantai 18, Jl. Gatot Subroto No.289, Cibangkong, Kota Bandung",Restaurant,"Suasananya romantis kalo buat special dinner ama pasangan.  Steaknya lumayan.. sepadan dengan harganya..  cuma kurang minuman hangatnya, adanya kopi-kopian n Teh aja. Ga da yang lain. pelayanan oke..  ada spot foto yang bagus.. bisa lihat pemandangan dari ketinggian.. buat yang takut ketinggian jangan coba-coba ya.. kalo aq sih yg lebih tinggi juga pernah jadi dah biasa.. pernah sampai lantai 84 waktu di Bangkok.","Dine-in, Takeaway, No-contact-delivery"
114,Warung Nasi Mah Inuy,ChIJi8LpHczpaC4RQvSEIxRe0SQ,5.0,"Jl. Bunga Raya, Cipagalo, Kabupaten Bandung",Indonesian,Makanan nya enak,"Dine-in, Drive-through, No-contact-delivery"
115,Maboo BBQ Resto,ChIJJXeUMOzoaC4RT4eq4YrNOtU,4.6,"Jl. Mekar Utama No.81, Mekarwangi, Kota Bandung",Korean,Maboo Paskal merupakan cabang dari Maboo yang berada di daerah Singgasana Mekar Wangi Cibaduyut. Disini menyajikan berbagai macam menu ala korea. Rasa yang nikmat dan harga yang relatif terjangkau. Menu utamanya adalah ala bakar2an. Ada menu babi dan menu sapi.,"Dine-in, Takeaway, No-contact-delivery"
116,Dimsum Cociks BIR,ChIJ97WD2hjDaC4Rw_kE7gzfCfU,5.0,"Komp. Bandung Indah Raya Blok C5 no 3, Mekarjaya, Bandung City",Dimsum-Asian,Mantapp dimusum nya beda dari dimsum yg lain potongan udang nya berasa bgt. Gak bakalan nyesel beli disini. Sukses selalu buat Dimsum Cocik nya.,"Dine-in, Takeaway, No-contact-delivery"
117,Kantin Masboy Gondang Roso,ChIJc_UodLLpaC4RSC3K1MCNnCY,4.7,"Jl. Sukapura, Gg. Aki Wari No.27, Sukapura, Bandung Regency",Nasi-Goreng-Restaurant,Yang jauh mendekat yg dekat merapat...,"Dine-in, Takeaway, No-contact-delivery"
118,Dapoer Kempah,ChIJ17CiJmfnaC4RAj9oSBbUM9c,5.0,"G-Land Ciwastra Residence, Jl. Alam Raya, Buahbatu, Kabupaten Bandung",Nasi-Goreng-Restaurant,"Makanannya makyussss, lowprice but have a high quality food, beda dari yang lain, beda dari yang paling beda, comfortable place üëçüëçüëç da best !!!!!! Try and prove it !!!","Dine-in, Takeaway, No-contact-delivery"
119,Ampera Minang Restaurant,ChIJyfKMMBPoaC4RqZ1YegtAcdE,4.4,"Jl. Sekejati, Sukapura, Kota Bandung",Padang,"Selalu suka beli nasi padang disini,,, Rasanya The Best pokoknya,,, üëçüëç favorit aku rendangnya,,, bener2 gak ada duanya,,,","Dine-in, Takeaway, No-contact-delivery"
120,Mahreen Dimsum H. Kurdi Bandung,ChIJZWm5BfbpaC4R9YrjQrpeNEU,5.0,"Jl. H. Kurdi 1 No.20, RT.05/RW.01, Karasak, Kota Bandung","Dimsum, Asian","Wow, dimsum mahreennya TERBAIK!! Harganya terjangkau, pilihannya juga snack, rasanya enak plus minyak cabainya enak! Pokonya mah Aduh GUSTI ENDOL SURENDOL TAKENDOL KENDOL MENGGUNAKAN PISAN GAESSSS!","Dine-in, Takeaway, No-contact-delivery"
121,Aheng Kwetiau Sapi & Seafood,ChIJAZh23ZbpaC4Ro8eIppK21wc,4.6,"Jl. Mekar Puspita No.2, Cibaduyut, Kota Bandung",Chinese,"makanan nya enak, harga nya rata - rata lah","Dine-in, Takeaway, No-contact-delivery"
122,Kirai Dimsum Bojongsoang,ChIJ5TIVBrrpaC4REaPZDT2d1fA,4.6,"Jl. Sukapura No.Kavling 17A, Sukapura, Kabupaten Bandung","Dimsum, Asian","AYCE hanya 69 ribu per orang, bagus, tidak ada kompromi, gas sangat murahHanya saja minumannya tidak beragam, hanya air mineral dan 1 cangkir teh manis yang cukup besar, 15 ribu. Kalau tempatnya lumayan bagus sih bersih.",Dine-in
123,Ayam Bakar Bumbu Desa,ChIJ10JGkh3paC4RYLU9o-kVizM,5.0,"Jl. Ciganitri Utara, Cipagalo, Kabupaten Bandung",Indonesian,"Enak bnget pkona, wajib coba ini mh","Dine-in, Takeaway, No-contact-delivery"
124,Nasi Bakar Mamah ILLA,ChIJWW4_GZDpaC4RIMRZoqpb28M,5.0,"Jl. Raya Bojongsoang No.98, Bojongsoang, Kabupaten Bandung",Indonesian,"Mantul,enak,bersih ,harga terjangkau.....saya suka pake bangetsüëç","Dine-in, Takeaway, No-contact-delivery"
125,BURGER-REX,ChIJQz78VLHpaC4R5QZeNsTXckw,5.0,"Jl. R.A.A. Marta Negara No.102, Turangga, Kota Bandung",Hamburger-Restaurant,Burger terbaik di kota!!,"Dine-in, Takeaway, No-contact-delivery"
126,FBI Dimsum,ChIJKY5D6v_paC4RaxP-rPlY5CY,4.8,"Jl. Saturnus Sel. No.2, Margasari, Kota Bandung","Dimsum, Asian","Tempat makan dim sum paling enak dan harganya relatif murah... Pokoknya mantap pisan, pelayanan sangat ramah dan cepat sekali untuk penyajiannya... Yang pasti kalau kalian makan dim sum disini pasti puas banget ajaaaaa....","Dine-in, Takeaway, No-contact-delivery"
127,Putra Minang Restaurant,ChIJy4i-wEzoaC4RsuYv2QlNc0k,4.3,"Jl. Raya Bojongsoang Raya No.265, Cipagalo, Kabupaten Bandung",Padang,Makanan enak apalagi bumbu ayam nya.... Beda dari yang lain kuah nya itu agak kental gimana gitu.... Harga nya sih relatif murah dengan harga 23K saya bisa makan makanan sampai kenyang.... Kalau bicara soal pelayanan sih biasa ya namanya juga RM ngak bakalan kaya di resto atau cafe .... Pokonya sih wort it lah untuk harga yang murah makanan enak..... Recommended buat anak kosan ..... Pas di test kebersihan juga lumayan kok....Penasaran coba sendiri aja kalau ngak percaya,"Dine-in, Takeaway, No-contact-delivery"
128,Fast Food Restaurant,ChIJBWvZ1wfpaC4RT-UMk4McG-8,5.0,"Dayeuhkolot, Bandung Regency",Fast-Food-Restaurant,"Rasanya enak,keunggulan lain tempat ini buka dari pagi,tidak seperti penjual ayam goreng lainnya yang mulai buka sore hari","Dine-in, Takeaway, No-contact-delivery"
129,Tungku Semarang Restaurant,ChIJj6Xw7VvoaC4Rz3wsCggXs6s,4.3,"Jl. Batununggal Indah Raya No.175, Batununggal, Kota Bandung","Jawa, Indonesian","Makanan khas jawa banget, rasanya enak mantap pas dilidah. Porsinya mantap jiwa bikin kenyang. Tapi tenang harganya ga bikin kantong bolong. Dijamin ga kecewa","Dine-in, Takeaway"
130,Mie Ayam Pakde PGA,ChIJ6emb5rHpaC4RsVsAWbhEiHs,4.7,"Gg. PGA, Lengkong, Kabupaten Bandung",Indonesian,"Buka setiap habis maghrib, mie ayam ter enak dari seluruh mie ayam yang ada ditelkom kalau munurut saya, dikarenakan kuah bumbu rempah nya sangat kerasa sekali dan juga terbilang cukup murah.","Dine-in, Takeaway, No-contact-delivery"
131,Naripan dimsum,ChIJBfg_7h_paC4RdhbzxaiDYL8,5.0,"Jl. Karawitan No.119, Turangga, Kota Bandung","Dimsum, Asian",Harga kaki lima rasa bintang 5 üòçüòç,"Dine-in, Takeaway, No-contact-delivery"
132,SENJA Dimsum | Susu Murni,ChIJ85oaR67naC4RDxxsGEfheu4,5.0,"JL Sukapura Depan SMAN 1 Dayeuhkolot Bojongsoang Kawasan Telkom University, Sukapura, Kabupaten Bandung","Dimsum, Asian","Langsung jatuh hati, enak banget, harga terjangkau, pelayanan cepat, packingnya rapih üëçüèª","Dine-in, Takeaway, No-contact-delivery"
133,"Switch Burger Buah Batu, Bandung",ChIJmaXSyDDpaC4RwS0032LFvJY,4.9,"Jl. Reog No.15, Turangga, Kota Bandung",Hamburger-Restaurant,,"Dine-in, Takeaway, No-contact-delivery"
134,Chikin.oppa,ChIJnY-3oXLpaC4RLGlCSw-t_wg,4.1,"Perumahan Singgasana Pradana, Jl. Raden Medang Kamulan No.41, Cibaduyut Wetan, Kota Bandung",Korean,Ini adalah pengalaman terbaik saya untuk mencicipi makanan korea asli dan ayam korea. Makanan yang begitu lezat dan otentik. Saya akan repeat order makanan ini setiap minggu. Makanan yang sangat sangat direkomendasikan,"Dine-in, Takeaway, No-contact-delivery"
135,Arasa,ChIJR0MWd7zpaC4RLtfNJ2mXMJI,5.0,"Private Village Cluster Jimbaran, Jl. Cikoneng No.51, Bojongsoang, Kabupaten Bandung",Health-Food-Restaurant,Makanan super sehat,"Dine-in, Takeaway, No-contact-delivery"
136,The Peak Resort Dining,ChIJpe66u-_haC4RiwbaK1_-WiU,4.1,"Jl. Desa Karawangi No. 388A Komplek Giri Indah, Jl. Gegerkalong Tonggoh Raya, Karyawangi, Kabupaten Bandung Barat",Restaurant,"Super kecewa sih ke tempat ini. Kirain masih se-hits yg dulu tyt skrg udah beda. Banyak menu gk tersedia, padahal yang di daftar menu juga gk banyak pilihan. Akhirnya pesen steak dengan kematangan medium, tapi yg dateng dagingnya terlalu mateng, bahkan kering dan keras jd susah banget dikunyah. Mana harganya lumayan pricey.. Pesanan nasi goreng pun juga kurang enak rasanya. Sangat sangat overprice untuk menu-menunya. Kondisi resto juga kurang terawat, jd gk enjoy juga disana. Satu2nya yg masih positif adalah pelayanannya. Staff-staffnya ramah dan santun. Kayaknya gak akan balik lagi, nyari resto lain dengan suasana yg sama juga banyak sih sekarang di Bandung. Sorry..","Dine-in, Takeaway, No-contact-delivery"
137,Restaurant Lembang,ChIJu7-VgQPhaC4Rx7n87RdWOSg,4.4,"Jl. Raya Lembang No.233, Jayagiri, Kabupaten Bandung Barat",Chinese,"Kali ini coba kangkung hotplate , ayam nanking , dan sapi ca kailan. Makan chinnese food di lembang memang menambah nafsu makan dibanding di tempat lain","Dine-in, Takeaway"
138,The Monkey Bites - Resto & Cafe Restaurant,ChIJKyenaD3haC4RhnHm2aI-xHc,5.0,"Jl. Raya Lembang No.123, Gudangkahuripan, Kabupaten Bandung Barat",Restaurant,,"Dine-in, Takeaway, No-contact-delivery"
139,Dakken Restaurant - Setiabudhi,ChIJC9yO0rjmaC4R0axIkW_uZwE,4.5,"Jl. Dr. Setiabudi No.266, Ledeng, Kota Bandung",Steak Restaurant,"Enak, recommend banget, porsinya pas, balance banget buat perut, apalagi dinner, coffe nya juga enak enak, yogurt strawberry nya juga enak ditambah strawberry fresh, gak asem banget, steak tenderloin nya juga enak, dresing nya rasanya gak begitu menyengat, pokoknya recommend ü•Ç","Dine-in, Curbside-pickup, No-contact-delivery"
140,Nana Heritage Kitchen & Coffee Corner,ChIJ50FqHbnmaC4RGB6UFRYsKtg,4.5,"Jl. Dr. Setiabudi No.276a, Ledeng, Kota Bandung",Indonesian Restaurant,menunya enak..harganya mungkin more expensive tp sesuai lah. soto bandungnya seger.. chicken grill and croissantnya jg mantep. buat menu2 pilihan yg tanpa nasi jg udah ngenyangin. cuma agak kurang di rasa tachosnya sih. minumannya enak..banana strawberry smoothiesnya mantep. parkirannya luas.. desain unik. kamar mandi bersih.,"Dine-in, Takeaway, Delivery"
141,The Restaurant - Padma Hotel Bandung,ChIJYSa0w8LmaC4RCQhSEjQErqU,4.6,"Jl. Rancabentang No.56-58, Ciumbuleuit, Kota Bandung",Restaurant,Salah satu Hotel & restaurant mewah terbaik di bandung dgn pemandangan alam yg asri & makanan yg lezat,"Dine-in, Takeaway, No-contact-delivery"
142,Belle Vue Roof Top 24 Hours French & Italian Bistro,ChIJRTHNe8rmaC4RPk4ljXDDx7s,4.7,"Green Hill Universal Hotel, Jl. Dr. Setiabudi No.376, Ledeng, Kota Bandung",Italy Restaurant,"Viewnya cakep. Pengalaman romantic dinner yang enjoyable. Terima kasih a Daus, great service!","Dine-in, Takeaway, No-contact-delivery"
143,Riverstone Bistro,ChIJV9e7ZLHmaC4Ru8ZZ4N-B260,4.4,"Komplek Setiabudi Regency Jl. Merah Delima Wing I, Ciwaruga, Kabupaten Bandung Barat",Western Restaurant,"Restonya agak sulit ditemukan karena harus masuk lagi ke dalam perumahan dan di bagian ujung dari perumahan tersebutlah letak Resto ini. Untuk menu makanan cukup bervariasi dan harga relatif mahal. Lahan parkir sempit. Tempatnya sendiri cukup luas, jadi tidak perlu reservasi.","Dine-in, Takeaway, No-contact-delivery"
144,Mandarin Lembang,ChIJg2xKjwPhaC4RzqdKfm1mHWQ,4.4,"Jl. Raya Lembang No.249, Jayagiri, Kabupaten Bandung Barat",Chinese Restaurant,"Restoran Chinese food yang terkenal di Lembang yang menjadi tujuan jika traveller mencari Chinese food. Restoran ini menawarkan beragam varian menu dan semuanya halal. Porsinya besar, bisa untuk 3-4 orang, untuk rasa agak kurang. Ayam Nanking dan Fu Yung Hai nya berasa kurang empuk. Untuk harga mahal sekalipun porsinya besar.","Dine-in, Curbside-pickup, No-contact-delivery"
145,Demir Turkish Restaurant,ChIJZc5fORrhaC4RjzuAF2ZWiVw,4.7,"Jl. Raya Lembang No.188, Gudangkahuripan, Kabupaten Bandung Barat",Turkey Restaurant,"Restoran Turki di daerah Lembang tapi cita rasanya kok kurang nendang ya, dagingnya kurang porsinya dikit sesuai harga kali ya, tempatnya asik temanya disesuaikan negara asalnya jadi bisa berselfie ria, stafnya ramah. Mungkin cita rasa dan dagingnya bisa ditingkatkan biar lebih mantap oke smangat.","Dine-in, Takeaway, No-contact-delivery"
146,WaterLeaf Restaurant,ChIJ2TkvArjmaC4RDiQ2eP8jBQA,4.0,"Jl. Sersan Bajuri No.102, Isola, Kota Bandung",Restaurant,Saya suka tempatnya. Pemandangan yang bagus. Dan konsepnya bagus.,"Dine-in, Takeaway, Delivery"
147,Lisung Gunung Resto,ChIJcQ5MKsXhaC4RJ8YF_DkUN5s,4.6,"Jl. Kolonel Masturi No.171, Sukajaya, Kabupaten Bandung Barat",Restaurant,"Tempatnya lumayan hanya agak kecil aja jdi pas rame jam makan siang jdi agak rapet2 duduknya, utk ukuran tempat makan dalam area wisata harga cukup terjangkau dengan rasa yg Enak dan Cocok mnrt saya.. Nasi Tutug Oncomnya badabest.. View area Wisata... Sukses Terus Lisung Gunung..","Dine-in, Takeaway, Delivery"
148,Jing Paradise Chinese Fine Dining Restaurant,ChIJrfUdMPPmaC4RNIGIAWKRAac,4.6,"Jl. Dr. Setiabudi No.269-275, Isola, Kota Bandung",Chinese,"Lumpia udang kulit tahu nya enak luarnya crispy dalamnya basah. Ceker juga enak lembut tapi masih berasa kenyal nya. Makanan nya enak2 tempatnya bersih, harganya ya fine dining lah ya.","Dine-in, Takeaway"
149,Bhojana Terrace Resto,ChIJiVlPMfzgaC4RKCfX-3QhXu8,4.4,"Jl. Raya Tangkuban Parahu No.29, Kayuambon, Kabupaten Bandung Barat",Indonesian Restaurant,"Tempat yang cocok buat makan2 bersama teman, keluarga, dll... Nyaman dan luas... Makanannya enak","Dine-in, Takeaway, No-contact-delivery"
150,Backyard Kitchen,ChIJSQwcCjvhaC4RnMF1Zk4DvBg,4.4,"Jalan Raya Lembang No.108, Farmhouse Lembang, Gudang Kahuripan, Gudangkahuripan, Kota Bandung",Seafood,"Tempatnya nyaman n makanannya enakk, harganya relatif si worth it dengan rasa yg enak, ga nyangka ada resto di dalem tempat wisata yg enakk","Dine-in, Takeaway, No-contact-delivery"
151,Cakrawala Sparkling Nature Restaurant,ChIJW2eW6tXgaC4RR7eT9SK_L8w,4.4,"Jl. Pagermaneuh No.57, Pagerwangi, Kabupaten Bandung Barat",Restaurant,"Tempat makan yang asik buat kaula muda. Kalau sama keluarga aga kurang cocok. Karena ada live musik yang terlalu keras, sehingga susah mengobrol. Cocok buat foto2 aja sih, banyak spot bangus disini.","Dine-in, Takeaway"
152,Punclut Puncak,ChIJNbO7_NPmaC4Rq9bKfN9tV0M,4.5,"5J4C+2M5, Pagerwangi, Jl. Punclut, Ciumbuleuit, Bandung City",Sundanese,Makan di rumah makan sangkan hurip 2 masakan sunda yang lengkap..makan lesehan dengan view pemandngan hijau hijau yang menyejukan mata. Kalo masakan standar lumayan ..harga juga wajar..,"Dine-in, Takeaway"
153,Emerald Side Pool Restaurant,ChIJIXlwqWznaC4R7CJ8aRkO1jI,4.3,"4HQW+G72, Ledeng, Bandung City",Restaurant,Mantap bgt susananya nyaman sekali serasa di hotel bintang 5,"Dine-in, Takeaway"
154,Rumah Makan Saung Pengkolan,ChIJicgsep7haC4RJG4k92MbxXM,4.0,"RM Saung Pengkolan 1, Jl. Raya Lembang - Bandung No.KM 12,3, Gudangkahuripan, Kota Bandung",Sundanese,"Resto sundaan. Lokasi ada sisi kiri jalan, pas tikungan tidak jauh sebelum tempat wisata great sia africa. Resto lumayan luas, parkiran mobil juga cukup, bila penuh bisa parkir di area kosong sebrang resto yang memang diperuntukan parkir mobil. Ada Menu Favorit jengkol cabe gendot, jengkol nya dimasak semacam tumis di campur cabe gendot hijau dan bawang bombay. Karedoknya pernah coba, enak nya minta yang pedas. Nasi putih disajikan dalam tempat bakul, Porsi nasi nya sesuai request berapa porsi. Lalap dan sambal sudah termasuk paket. Ada yg khas lagi dan enak rasanya, tahu tauhid yang di goreng kering luarnya dalamnya masih basah, disajikan dengan sambal kecap yang pedas. Harga menurut saya standar resto sunda cukup terjangkau","Dine-in, Takeaway, No-contact-delivery"
155,Cocorico Cafe and Resto,ChIJg1CUJCLnaC4RJwfKFHvN_aI,4.4,"Jl. Bukit Pakar Timur No.19, Ciburial, Kabupaten Bandung",Restaurant,"Menunya variatif banyak pilihan... rasanya juga ok. Yang penting view nya dapet banget. Tempat ini buat alternatif juga buat yang bosan ke valley or sierra. Makanan datang agak lama siyh, tapi worth the wait lah. Rasa masih ok, salmon steaknya bisa dinikmati. Sebetulnya ada tempat juga di lantai atas yang view nya lebih dapet, tapi kmrn aku di lantai bawah aja karena bawa bocah. Yah overall Ok lah...","Dine-in, Takeaway"
156,Kampung Awi Resto,ChIJUS3p1hThaC4RZK3VXLLNXgg,3.8,"Jl. Terusan Sersan Bajuri No.88, Cihideung, Kabupaten Bandung Barat",Soup Restaurant,lokasi mudah dicari di dalam hotel green forest lembang.. di jalan terusan sersan bajuri no 88 cihideung.. tempat nya luas dan terbuka.. banyak aktivitas buat anak2.. pelayanan ramah.. di dalam area resto ada beberapa booth untuk makanan ringan.. spt popcorn .. gulali .. ice cream gelato dan uncle tetsu.. semacam japanese cheese cake .. ice cream gelato harga nya 35 rb.. banyak pilihan rasa,"Dine-in, Takeaway"
157,Monomono,ChIJb02hhbHhaC4RKmfjgkHRSrA,4.7,"The Gaia Hotel Bandung, Jl. Dr. Setiabudi No.430, Ledeng, Kota Bandung",Restaurant,"It was a really lovely dinner! Cocok banget buat yang mau romantic dinner atau formal dinner. Makanannya semua enak dan atmosphere nya juga bagus! Must try: umami salad, cordero de asado, dan churros","Dine-in, Takeaway, No-contact-delivery"
158,Coca Suki Restaurant,ChIJDR-NYvPmaC4R_mCPFgDKAB8,4.4,"bukit Dago, Jl. Bukit Pakar Timur No.24, Ciburial, Kabupaten Bandung",Hot Pot Restaurant,"Hot pot Thailand asli dan pertama dengan kuah tom yum yg segaaaar, kesan pertama masuk restoran itu elegan bgt, kompor nya juga di tanam, semua menu nya fresh dan enaaak, kalian penggemar shabu-shabu wajib kesini","Dine-in, Takeaway, Delivery"
159,Gubug Makan Mang Engking,ChIJ37FsoxzhaC4RePntVP-5bRQ,4.3,"Jalan Raya Tangkuban Perahu KM.1 No.68, Cibogo, Lembang, Cibogo, Kabupaten Bandung Barat",Seafood,3 bulan lalu  Suasana restoran terasa menyegarkan dan sejuk dikarenakan lokasi dekat dengan pegunungan dan beberapa tempat duduk terletak pada sebuah saung di kolam ikan yang besar. Akan tetapi harga makanan yang disediakan bisa dinilai sangat tinggi untuk jenis makanan yang dihidangkan seperti hidangan udang sebesar 93K,"Dine-in, Takeaway"
160,Dapoer Kayoe,ChIJh7CbJyjiaC4R1iQkjWRqqKM,4.1,"Jl. Kolonel Masturi No.275, Karyawangi, Kabupaten Bandung Barat",Sundanese,"Lokasinya strategis karna pinggir jalan dan depan depanan dengan alfamart, parkir mobil kurang memadai karna hanya cukup sekitar 8+ mobil, harga makanannya cukup worth it, jengkol baladonya juara, sop ikannya gurih dan seger. Sukses terus","Dine-in, Takeaway, Delivery"
161,Sate Bang EL,ChIJgWAptCTlaC4RELmGzM3eMQs,5.0,"4HWC+P2Q, Blk. J-K, Cihanjuang, Kabupaten Bandung Barat",Satai Restaurant,,"Dine-in, Takeaway, No-contact-delivery"
162,Lilli Valley - Coffee & Eatery,ChIJK_9J-57haC4R2kG0IN98b28,5.0,"Jl. Pagermaneuh No.99, Pagerwangi, Kabupaten Bandung Barat",Indonesian Restaurant,"Makanan dan kopinya mantabüòã..  view dan suasana nya nyaman juga, pokoknya harus kesini Recomended bgtüëçüèªüëçüèªüëçüèª","Dine-in, Curbside-pickup, No-contact-delivery"
163,Balibu Rumah Makan Khas Sunda,ChIJnznCrP3gaC4RV3zGJvmlJyQ,4.4,"Jl. Raya Tangkuban Parahu No.423A, Cibogo, Kabupaten Bandung Barat",Sundanese,"Balibu Lembang Bandung .. lokasi pinggir jln...tempatnya nyaman..parkiran luas ..soal rasa tak di ragukan lg... endeesss banget...bnyk pilihan makanan dan minumannya...ada mushollah jg buat yg muslim beribadah sholat. Outdoornya ada beberapa saung lesehan, ada jg pakai kursi di lt bawah dan atas. Pokoknya komplit deeh...yg penasaran mampir lah","Dine-in, Takeaway, Delivery"
164,De Java Resto,ChIJo6WB5w_naC4RFAuZTIH6f10,4.5,"5J3G+6JH, Mekarwangi, West Bandung Regency",Indonesian Restaurant,ada waktu makan siang yang baik di sini. Menu-menunya enak.,"Dine-in, Takeaway"
165,Saung Papatong,ChIJ3-5AHBrhaC4RnTleBFGRlXU,4.5,"Jalan Raya Lembang No. 171, Gudang Kahuripan, Lembang, Gudangkahuripan, Kabupaten Bandung Barat",Sundanese,"Suasananya sebenarnya enak, sepi, tp buat interiornya kurang banget, kan bangunan jadul, trs meja hanya ada sekitar 4 atau 5 gitu, trs di luar ada ayunan sama satu lesehan, jd menambah kesan sepi dan kaku gitu...krik krik kriküòÖ...sampe akhirnya kita pindah ke coffee shop nya yg letaknya terhalang satu bangunan dapur atau kasir gitu, nah kalo tempat ngopinya udah enak, nyaman, lebih estetik Interiornya, ada tv pula yg memutar video musik, jd lebih hidup. Untuk rasa enak, sesuai sama harga lah, kebetulan dateng sama keluarga dan semua pesan steak, lumayan lah murmer pakai hot plate, trs untuk kopinya juga enak, minuman yg lain juga enak, jus, bandrek dan teh serehnya, semua enak. Tinggal mempercantik Interior nya aja sih biar lebih menarik dan bikin orang betah buat makan trs ngopi2 nyantei disana. Oh iya untuk toiletnya bersihüëç","Dine-in, Drive-through, Delivery"
166,Restoran Rumah Kayu,ChIJf_bhfePgaC4R31thEiIhnWc,4.4,"Jl. Wira No.22, Lembang, Kabupaten Bandung Barat",Sundanese,"Restoran ditengah kawasan peruamahan di lembang, jadi inituh ceritanya rumah kayu bergaya taiwan tapi jualannya masakan sunda. Kalo kesini, rekomen untuk cincau kacang merahnya enaaak, dan ketan bakarny juga lembut, sate maranggi kambingnya ga bau tapi agak keasinan sih, rawon isi dagingnya banyak tapi lebih ke manis rasanya. Klo mau coba sesuatu yang beda, cobain bajigur kopinya itu pas awal rasanya agak mengejutkan berujung pait, tapi lama lama neguk makin oke rasanya. Suasana nya ya rumah kayu aja gitu, udara sih enak krn di lembang ya.","Dine-in, Takeaway, Delivery"
167,Purbasari Makan Di Tepi Danau,ChIJJQb3iovhaC4RZk7lDj23hR8,4.3,"6H6H+9XX, Kertawangi, West Bandung Regency",Sundanese,"Recommended. Ke sini bareng teman-teman kantor. Tiba di Dusun Bambu 10 menit sebelum buka. Dapat nomor booking saung di Purbasari. Rombongan ber-12 di Saung Situ Ciburuy. Makanan khas Sunda. Over all makanan enak, cuma sambal aja yg kurang pedas. Hehe. Bisa sewa sampan di danau.","Dine-in, Drive-through, No-contact-delivery"
168,Burger 379,ChIJAzJByRznaC4RCc8YILCkDU4,5.0,"Jl. Gegerkalong Girang No.134, RT.05/RW.06, Isola, Kota Bandung",Hamburger Restaurant,"Salah satu burger rumahan yang enak dan murah! Pesan via gofood dpt promo dan penasaran knp ratingnya bisa kecil. Tapi pas dicoba rasanya mantap! Menu burger baik ayam dan daging perfect rasanya, next time mungkin saya bisa order lagi. Good job dan sukses selalu","Dine-in, Takeaway"
169,"Rumah Kayu, Resto and Family Cotage",ChIJNcyvhWzhaC4RCPjbEgCG648,4.1,"Jl. Terusan Sersan Bajuri KM.4,8 No.102, Cihideung, Kota Bandung",South Asian Restaurant,"Enak, harga wajar & cukup ramah serta parkir luas. Buat pengelola biasakan pelayannya mencatat pesanan, sdh lama nunggu, wkt ditanya.; ""..maaf lupa..""  Suasana bagus utk swafoto bersama kel. Namun toiletnya yg turun tangga dr meja kasir jorok sekali., closet tdk bisa disiram serta kran mati & rusak.. 010122","Dine-in, Takeaway"
170,Ayam Manna,ChIJe4eV9BjnaC4RlwPgYAtQADA,5.0,"Jl. Mekarwangi, Sariwangi, Kabupaten Bandung Barat",Indonesian Restaurant,"Wah seger banget soto ayam manna nya! Maknyuss bangettt!! Kuah nya kental kaldu ayam asli... Recommended banget! Ga pake nasi juga udah kenyang, porsi pas banget! Kacang nya juga gurih banget!","Dine-in, Takeaway"
171,RM Cahayo Minang,ChIJ06zB-nvlaC4Rlof0771f23A,4.5,"Jl. Cihanjuang No.65, Cihanjuang, Kabupaten Bandung Barat",Padang,"Salah satu masakan asli Padang (Sumatera Barat - Indonesia) dengan harga yang sangat terjangkau, Anda dapat membeli makanan hanya dengan Rp 10.000, termasuk sayap ayam, nasi kukus, sayuran, sambal (cabai merah atau hijau), dan kuah kari dalam satu paket. sangat murah dan memuaskan.","Dine-in, Takeaway, No-contact-delivery"
172,Restaurant,ChIJ_9jV-c3jaC4Ry6VlVP9oGrM,4.4,"Jl. Kolonel Masturi Barukai No.141, Cipada, Kabupaten Bandung Barat",Sundanese,"Ga nahan banget ini sop iga, mantep cuaca dingin sop iga dengan dagingnnya yang empuk, ditambah sambel enak banget... Langganan dari mulai praktek sampai hari ini  ..","Dine-in, Drive-through, Delivery"
173,Warung Nasi Soto Teh Lalah,ChIJvRdOvk_haC4R_zvjoGziJWU,4.4,"Jl. Grand Hotel No.43, Lembang, Kabupaten Bandung Barat",Indonesian Restaurant,"Nasi soto dapur Inong lembang, Disambut dengan ramah oleh pramusajinya, welcome drink Teh hangat penyeimbang cuaca dingin lembanh. Banya menu pilihan aneka soto, sate,nasi goreng. Order soto iga proses lumayan 10 mnts. daging empuk kaldu sedap. Tempat bangku kayu jati bersih dan rapih. Next time mau mampir lagi Mantaaap.","Dine-in, Curbside-pickup, No-contact-delivery"
174,Warung Nasi Saung Punclut Panineungan,ChIJb7DeYNXgaC4Rd59t7bG-kSw,4.5,"Jl.Raya Punclut Pagermaneuh, Pagerwangi, Kota Bandung",Sundanese,"Kesini karena ngeliat review di google bagus 4.6... Dan liat review2ny org2 blg murah dan enak.. tp pas sampe sana d menu makanannya gak ada harganya, pilihan menunya juga dikit, dan setelah d tanya paket nasi + ayam + tahu tempe 30ribu 1 porsi.. Menurut gw cukup mahal si untuk ukuran bandung.. lbh banyak rmh makan d sblhnya yg lbh besar harganya lebih murah.. untuk rasa nasi merahnya emg enak, ayamnya juga besar...  Itu aja si yg d sayangkan, d menu gak ada harga.. pelanggan jd khawatir jgn2 mentang2 dr jakarta harganya d bedain.. üòÖ..","Dine-in, Drive-through, No-contact-delivery"
175,Manna Healthy Bakery Delivery take away,ChIJecqV7GbnaC4RNL4LRGAnYl0,4.8,"Jl. Budi Indah Jl. Mahogani No.16B, Ledeng, Kabupaten Bandung Barat",Restaurant,Roti2 nya premium dan sangat enak! Kagum dengan pelayanannyaüëçüôè,"Dine-in, Takeaway"
176,Sumur Lembang,ChIJURR28gLhaC4RmszrtHFo1VE,4.0,"Jl. Raya Lembang No.301, Jayagiri, Kabupaten Bandung Barat",Bakso Restaurant,"Kafe susu murni lembang , satu2nya tempat yang menyediakan susu pasteurisasi dan yoghurt buatan sendiri , tempatnya nyaman dan banyak aneka makanan dan minuman lainnya","Dine-in, Curbside-pickup, No-contact-delivery"
177,RM Tarako Minang,ChIJ9_u-uwPhaC4RV1wyStN0yVo,4.7,"Jl. Jayagiri No.20, Jayagiri, Kabupaten Bandung Barat",Padang,"REKOMENDED BGTSalah satu masakan padang terenak di LEMBANG terutama rendanganya üëç Tempat bersih, lumayan luas, pelayanan cepat","Dine-in, Drive-through, No-contact-delivery"
178,Resto d‚ÄôSDL,ChIJVXM_DT3haC4RotdH7cpfx_0,4.2,"Jl. Raya Lembang No.121, Gudangkahuripan, Kabupaten Bandung Barat",Sundanese,Lokasi pinggir jalan tapi parkir luas.makanan nya rnak banget sumpah.cocok buat makan dekeluarga besar.bener2 nikmat.karedok dan ayam ngumprtnya.tempe mendoan juga enak.sambel mantap.es jeruk manis seger,"Dine-in, Takeaway"
179,Kafe KupuKupu,ChIJGZj1nYrjaC4RQNWIayIHj_A,4.4,"Jalan Kolonel Masturi No.88, RW No.KM.3, Cipageran, Kota Cimahi",Caffe Hotel,"Tempatnya instagramable dan nyaman. Serta menu yang ditawarkan cukup variatif. Dan harganya juga cukup terjangkau untuk golongan mahasiswa, serta ada diskon mahasiswa. Penyajian makanan juga baik dan menggugah selera, walau waktu penyajian terhitung lama sekali. Kami sering pakai venue ini untuk rapat karena memang sangat mendukung dan nyaman.","Dine-in, Drive-through, No-contact-delivery"
180,Warung Nasi Boga Rasa,ChIJJ0B9qgrlaC4RpAnbRgp1jRA,4.7,"Jl. Cihanjuang Komp. Cibaligo Permai Regency, Cihanjuang, Kabupaten Bandung Barat",Indonesian Restaurant,,"Dine-in, Takeaway, No-contact-delivery"
181,Punclut sederhana,ChIJEY7rdRDnaC4RPYoXueNMhyo,5.0,"Jl. Pagermaneuh No.11, Ciumbuleuit, Kota Bandung",Sundanese,"Tmpt makan khas sunda ,fav ,sllu ksini","Dine-in, Curbside-pickup, No-contact-delivery"
182,Popai Delivery (Halal),ChIJr1_qyAHkaC4ReCSAbPYKgDU,4.6,"Cibaligo Permai Raya Jalur 4 No.90, Cihanjuang, Kabupaten Bandung Barat",Chinese,"Masakannya, seperti ayam goreng mentega, puyunghai, sapo tahu, lezat, dengan bumbu yang tidak medok, cenderung light tapi tetap lezat. Chinese food yang halal tapi tetap lezat, walaupun rasa tidak terlalu otentik. Badabest!","Dine-in, Drive-through, No-contact-delivery"
183,RM Sangkan Hurip Punclut Pusat,ChIJ0f2bbtHmaC4RD1j2-AM4l0k,4.3,"Jl. Punclut No.57, Ciumbuleuit, Kota Bandung",Sundanese,"Tempat makan nya banyak dan luas, makanan variatif, sambelnya pedes lah mantap, parkiran luas, rekomen ajak keluarga ke sini, ramai nya di malam hari jadi siapin waktu yg cocok aja. Bisa dapet city light juga di sana kalau malem-malem","Dine-in, Takeaway"
184,Warung Nasi Timbel & Kalapa Muda Ibu Reni,ChIJrY8oQCDnaC4RnNmWhMJrv1k,4.2,"4JPF+P8F, Jl. Jajaway, Dago, Kota Bandung",Sundanese,"Nasi timbel ayam goreng nya mantap, sambel nya yg bikin juara.. Ditambah ada es kelapa nya makin mantap..","Dine-in, Drive-through, No-contact-delivery"
185,Liwet Dapur Strawberry,ChIJzQTyq7TmaC4RH-u50cRXmxA,4.7,"JL. Sersan Bajuri, No. 102, Sebelum Kampung Gajah, Cihideung, Kabupaten Bandung Barat",Indonesian Restaurant,"Lokasinya, Pemandangan nya, tempatnya makannya, harganya, mantappp pisan pokokna mah","Dine-in, Takeaway, No-contact-delivery"
186,Warung Ema Eti Nasi Hideung,ChIJc2fKaevhaC4RSaroJAuVDkE,4.6,"6J6J+G2F, Jayagiri, West Bandung Regency",Restaurant,Warung  di tengah hutan ..tersedia nasi putih..merah dan hitam..dng aneka lauknya yg sederhana namun bercita rasa.mantul. Hiking..camping atau bersepeda...cocok pisan.,"No-contact-delivery, Takeaway, Dine-in"
